1,0,bgfile
2,0,
3,0,
4,0,
5,0,
6,0,
7,0,
8,0,
9,0,
10,0,
11,0,
12,0,
13,0,
14,0,
15,0,
16,0,
17,0,
18,0,
19,0,
20,0,
21,0,
22,0,
23,0,
24,0,
25,0,
26,0,
27,0,
28,0,
29,0,
30,0,
31,0,
32,0,
33,0,
34,0,
35,0,
36,0,
37,0,
38,0,
39,0,
40,0,
41,0,
42,0,
43,0,
44,0,
45,0,
46,0,
47,0,
48,0,
49,0,
50,0,
51,0,
52,0,
53,1,
54,0,
55,0,
56,1,
57,3,
58,9,
59,68,
60,404,
61,1358,
62,2378,
63,3188,
64,4048,
65,4939,
66,5411,
67,5820,
68,6425,
69,6843,
70,7063,
71,7067,
72,6843,
73,6715,
74,6528,
75,6355,
76,6253,
77,6178,
78,5965,
79,5826,
80,5808,
81,5656,
82,5390,
83,5149,
84,5007,
85,4779,
86,4803,
87,4600,
88,4610,
89,4316,
90,4355,
91,4186,
92,4166,
93,4200,
94,4118,
95,3984,
96,4009,
97,3940,
98,3882,
99,3817,
100,3782,
101,3840,
102,3769,
103,3861,
104,3890,
105,3906,
106,4044,
107,4189,
108,4237,
109,4171,
110,4166,
111,4060,
112,3885,
113,3694,
114,3518,
115,3277,
116,3294,
117,3072,
118,3085,
119,2999,
120,3046,
121,3125,
122,3122,
123,3276,
124,3098,
125,3171,
126,3139,
127,2904,
128,3004,
129,2971,
130,2921,
131,2787,
132,2765,
133,2686,
134,2593,
135,2621,
136,2530,
137,2491,
138,2368,
139,2514,
140,2460,
141,2482,
142,2453,
143,2411,
144,2322,
145,2501,
146,2348,
147,2290,
148,2409,
149,2278,
150,2292,
151,2310,
152,2273,
153,2294,
154,2239,
155,2200,
156,2172,
157,2208,
158,2232,
159,2253,
160,2135,
161,2104,
162,2131,
163,2159,
164,2115,
165,2029,
166,2031,
167,2101,
168,2044,
169,1994,
170,1959,
171,2013,
172,1979,
173,2048,
174,1917,
175,1975,
176,1947,
177,1968,
178,1913,
179,2026,
180,1947,
181,1868,
182,1864,
183,2018,
184,1993,
185,1929,
186,1916,
187,1990,
188,1941,
189,1961,
190,1856,
191,1912,
192,1858,
193,1856,
194,1799,
195,1820,
196,1740,
197,1669,
198,1741,
199,1676,
200,1660,
201,1562,
202,1662,
203,1596,
204,1546,
205,1465,
206,1496,
207,1536,
208,1579,
209,1562,
210,1485,
211,1459,
212,1442,
213,1509,
214,1501,
215,1479,
216,1482,
217,1489,
218,1557,
219,1449,
220,1410,
221,1551,
222,1494,
223,1430,
224,1505,
225,1493,
226,1371,
227,1447,
228,1452,
229,1377,
230,1335,
231,1371,
232,1342,
233,1288,
234,1256,
235,1206,
236,1175,
237,1174,
238,1245,
239,1208,
240,1168,
241,1168,
242,1110,
243,1109,
244,1054,
245,1079,
246,979,
247,1039,
248,1007,
249,963,
250,909,
251,886,
252,935,
253,920,
254,827,
255,900,
256,848,
257,905,
258,789,
259,801,
260,816,
261,831,
262,772,
263,788,
264,798,
265,785,
266,860,
267,770,
268,829,
269,752,
270,882,
271,866,
272,874,
273,924,
274,999,
275,995,
276,1053,
277,1153,
278,1201,
279,1299,
280,1373,
281,1472,
282,1485,
283,1648,
284,1665,
285,1695,
286,1686,
287,1694,Cs137
288,1683,
289,1477,
290,1538,
291,1355,
292,1196,
293,1074,
294,1023,
295,888,
296,827,
297,751,
298,681,
299,626,
300,602,
301,545,
302,532,
303,500,
304,474,
305,464,
306,481,
307,462,
308,486,
309,479,
310,463,
311,476,
312,433,
313,383,
314,421,
315,416,
316,411,
317,366,
318,379,
319,319,
320,350,
321,358,
322,373,
323,385,
324,365,
325,342,
326,323,
327,299,
328,378,
329,310,
330,335,
331,329,
332,361,
333,346,
334,343,
335,367,
336,379,
337,386,
338,402,
339,354,
340,381,
341,408,
342,411,
343,347,
344,385,
345,364,
346,363,
347,380,
348,387,
349,317,
350,327,
351,316,
352,330,
353,313,
354,323,
355,268,
356,276,
357,261,
358,265,
359,277,
360,254,
361,257,
362,247,
363,248,
364,234,
365,279,
366,220,
367,213,
368,247,
369,202,
370,200,
371,251,
372,210,
373,229,
374,214,
375,200,
376,185,
377,177,
378,205,
379,230,
380,209,
381,234,
382,177,
383,213,
384,197,
385,222,
386,193,
387,212,
388,200,
389,215,
390,193,
391,183,
392,221,
393,177,
394,206,
395,188,
396,207,
397,220,
398,219,
399,216,
400,239,
401,239,
402,258,
403,223,
404,246,
405,231,
406,236,
407,296,
408,268,
409,252,
410,300,
411,276,
412,264,
413,286,
414,255,
415,256,
416,240,
417,248,
418,238,
419,217,
420,249,
421,250,
422,226,
423,202,
424,229,
425,214,
426,215,
427,220,
428,207,
429,192,
430,203,
431,194,
432,206,
433,202,
434,200,
435,187,
436,187,
437,191,
438,189,
439,192,
440,182,
441,197,
442,163,
443,156,
444,157,
445,126,
446,155,
447,143,
448,138,
449,139,
450,136,
451,144,
452,149,
453,123,
454,145,
455,109,
456,113,
457,111,
458,118,
459,113,
460,120,
461,135,
462,94,
463,104,
464,102,
465,93,
466,99,
467,97,
468,85,
469,72,
470,68,
471,85,
472,85,
473,69,
474,82,
475,80,
476,87,
477,76,
478,80,
479,73,
480,66,
481,74,
482,75,
483,101,
484,93,
485,88,
486,100,
487,117,
488,139,
489,146,
490,152,
491,153,
492,158,
493,201,
494,196,
495,211,co-60
496,235,
497,214,
498,224,
499,248,
500,251,
501,247,
502,265,
503,223,
504,227,
505,254,
506,244,
507,200,
508,205,
509,185,
510,183,
511,180,
512,150,
513,132,
514,119,
515,110,
516,88,
517,78,
518,84,
519,73,
520,62,
521,59,
522,48,
523,42,
524,35,
525,42,
526,30,
527,34,
528,25,
529,20,
530,18,
531,22,
532,22,
533,27,
534,16,
535,18,
536,16,
537,21,
538,12,
539,23,
540,18,
541,11,
542,21,
543,21,
544,14,
545,17,
546,25,
547,14,
548,19,
549,17,
550,13,
551,20,
552,16,
553,16,
554,18,
555,18,
556,19,
557,20,co-60
558,16,
559,10,
560,13,
561,24,
562,20,
563,19,
564,21,
565,16,
566,18,
567,13,
568,8,
569,22,
570,14,
571,20,
572,8,
573,18,
574,17,
575,16,
576,9,
577,11,
578,16,
579,14,
580,13,
581,15,
582,11,
583,15,
584,20,
585,12,
586,13,
587,10,
588,10,
589,9,
590,16,
591,17,
592,14,
593,7,
594,12,
595,10,
596,11,
597,7,
598,7,
599,11,
600,17,
601,15,
602,10,
603,14,
604,17,
605,20,
606,20,
607,17,
608,10,
609,16,
610,11,
611,18,
612,9,
613,10,
614,9,
615,11,
616,18,
617,10,
618,14,
619,15,
620,16,
621,21,
622,15,
623,24,
624,11,
625,16,
626,12,
627,14,
628,21,
629,13,
630,14,
631,18,
632,17,
633,8,
634,11,
635,14,
636,10,
637,9,
638,14,
639,14,
640,7,
641,14,
642,12,
643,8,
644,11,
645,15,
646,16,
647,19,
648,17,
649,10,
650,12,
651,13,
652,14,
653,11,
654,13,
655,9,
656,14,
657,12,
658,13,
659,4,
660,8,
661,13,
662,8,
663,21,
664,10,
665,18,
666,12,
667,14,
668,8,
669,14,
670,9,
671,10,
672,6,
673,14,
674,12,
675,18,
676,12,
677,13,
678,7,
679,14,
680,10,
681,16,
682,13,
683,13,
684,11,
685,15,
686,10,
687,8,
688,16,
689,15,
690,17,
691,13,
692,11,
693,11,
694,11,
695,7,
696,10,
697,11,
698,5,
699,16,
700,15,
701,19,
702,6,
703,17,
704,19,
705,13,
706,9,
707,17,
708,14,
709,14,
710,10,
711,15,
712,9,
713,12,
714,10,
715,12,
716,11,
717,17,
718,16,
719,14,
720,13,
721,15,
722,12,
723,16,
724,15,
725,10,
726,10,
727,15,
728,13,
729,14,
730,8,
731,12,
732,12,
733,13,
734,23,
735,27,
736,28,
737,33,
738,34,
739,59,
740,70,
741,133,
742,419,
743,3493,
744,12887,
745,14044,
746,4208,
747,421,
748,75,
749,29,
750,16,
751,17,
752,14,
753,10,
754,10,
755,2,
756,7,
757,7,
758,4,
759,3,
760,1,
761,0,
762,2,
763,4,
764,1,
765,0,
766,0,
767,0,
768,0,
769,0,
770,1,
771,2,
772,1,
773,1,
774,0,
775,0,
776,0,
777,0,
778,0,
779,0,
780,0,
781,0,
782,0,
783,0,
784,0,
785,0,
786,0,
787,0,
788,0,
789,0,
790,0,
791,0,
792,0,
793,0,
794,0,
795,0,
796,0,
797,0,
798,0,
799,0,
800,1,
801,0,
802,0,
803,0,
804,0,
805,0,
806,0,
807,0,
808,0,
809,0,
810,0,
811,0,
812,0,
813,0,
814,0,
815,0,
816,0,
817,0,
818,0,
819,0,
820,0,
821,0,
822,0,
823,0,
824,0,
825,0,
826,0,
827,0,
828,0,
829,0,
830,0,
831,0,
832,0,
833,0,
834,0,
835,0,
836,0,
837,0,
838,0,
839,0,
840,0,
841,0,
842,0,
843,0,
844,0,
845,0,
846,0,
847,0,
848,0,
849,0,
850,0,
851,0,
852,0,
853,0,
854,0,
855,0,
856,0,
857,0,
858,0,
859,0,
860,0,
861,0,
862,0,
863,0,
864,0,
865,0,
866,0,
867,0,
868,0,
869,0,
870,0,
871,0,
872,0,
873,0,
874,0,
875,0,
876,0,
877,0,
878,0,
879,0,
880,0,
881,0,
882,0,
883,0,
884,0,
885,0,
886,0,
887,0,
888,0,
889,1,
890,0,
891,0,
892,0,
893,0,
894,1,
895,0,
896,0,
897,1,
898,0,
899,0,
900,0,
901,0,
902,0,
903,0,
904,0,
905,0,
906,0,
907,0,
908,0,
909,0,
910,0,
911,0,
912,0,
913,0,
914,0,
915,0,
916,0,
917,0,
918,0,
919,0,
920,0,
921,0,
922,0,
923,0,
924,0,
925,0,
926,0,
927,0,
928,0,
929,0,
930,0,
931,0,
932,0,
933,0,
934,0,
935,0,
936,0,
937,0,
938,0,
939,0,
940,0,
941,0,
942,0,
943,0,
944,0,
945,0,
946,0,
947,0,
948,0,
949,0,
950,0,
951,0,
952,0,
953,0,
954,0,
955,0,
956,0,
957,0,
958,0,
959,0,
960,0,
961,0,
962,0,
963,0,
964,0,
965,0,
966,0,
967,0,
968,0,
969,0,
970,0,
971,0,
972,0,
973,0,
974,0,
975,0,
976,0,
977,0,
978,0,
979,0,
980,0,
981,0,
982,0,
983,0,
984,0,
985,0,
986,0,
987,0,
988,0,
989,0,
990,0,
991,0,
992,0,
993,0,
994,0,
995,0,
996,0,
997,0,
998,0,
999,0,
1000,0,
1001,0,
1002,0,
1003,0,
1004,0,
1005,0,
1006,0,
1007,0,
1008,0,
1009,0,
1010,0,
1011,0,
1012,0,
1013,0,
1014,0,
1015,0,
1016,0,
1017,0,
1018,0,
1019,0,
1020,0,
1021,0,
1022,0,
1023,0,
1024,0,
