1,0,channel,peak cts,energy
2,0,287,43089,662
3,0,495,7342,1172
4,0,557,5671,1332
5,0,,,
6,0,1225427,,
7,0,,,
8,0,,,
9,0,,,
10,0,,,
11,0,,,
12,0,,,
13,0,,,
14,0,,,
15,0,,,
16,0,,,
17,0,,,
18,0,,,
19,0,,,
20,0,,,
21,0,,,
22,0,,,
23,0,,,
24,0,,,
25,0,,,
26,0,,,
27,0,,,
28,0,,,
29,0,,,
30,0,,,
31,0,,,
32,0,,,
33,0,,,
34,0,,,
35,0,,,
36,0,,,
37,0,,,
38,0,,,
39,0,,,
40,2,,,
41,40,,,
42,108,,,
43,244,,,
44,354,,,
45,434,,,
46,594,,,
47,756,,,
48,836,,,
49,999,,,
50,1057,,,
51,1227,,,
52,1350,,,
53,1443,,,
54,1522,,,
55,1688,,,
56,1915,,,
57,2021,,,
58,2126,,,
59,2378,,,
60,2993,,,
61,4056,,,
62,5261,,,
63,6672,,,
64,8545,,,
65,9418,,,
66,10792,,,
67,12055,,,
68,13151,,,
69,14044,,,
70,14982,,,
71,15184,,,
72,15610,,,
73,15736,,,
74,15695,,,
75,15730,,,
76,15709,,,
77,15962,,,
78,15819,,,
79,15895,,,
80,15851,,,
81,15974,,,
82,15776,,,
83,15809,,,
84,15797,,,
85,16062,,,
86,16354,,,
87,16249,,,
88,16997,,,
89,16870,,,
90,17112,,,
91,17472,,,
92,17697,,,
93,18168,,,
94,18362,,,
95,18763,,,
96,18841,,,
97,18987,,,
98,19497,,,
99,19240,,,
100,19450,,,
101,19565,,,
102,19729,,,
103,19935,,,
104,19814,,,
105,19914,,,
106,20154,,,
107,19899,,,
108,19711,,,
109,20084,,,
110,19784,,,
111,19554,,,
112,19431,,,
113,19423,,,
114,19000,,,
115,18892,,,
116,18693,,,
117,18691,,,
118,18287,,,
119,18158,,,
120,18128,,,
121,17971,,,
122,17799,,,
123,17566,,,
124,17287,,,
125,17450,,,
126,17065,,,
127,16712,,,
128,16681,,,
129,16669,,,
130,16552,,,
131,16368,,,
132,16203,,,
133,16029,,,
134,15704,,,
135,15822,,,
136,15559,,,
137,15540,,,
138,15215,,,
139,15441,,,
140,15313,,,
141,15002,,,
142,15004,,,
143,14981,,,
144,14691,,,
145,14452,,,
146,14332,,,
147,14237,,,
148,14020,,,
149,14008,,,
150,14075,,,
151,13874,,,
152,14099,,,
153,13568,,,
154,13637,,,
155,13489,,,
156,13520,,,
157,13365,,,
158,13205,,,
159,13215,,,
160,13034,,,
161,13069,,,
162,13147,,,
163,13144,,,
164,13043,,,
165,12786,,,
166,12811,,,
167,12782,,,
168,12855,,,
169,12740,,,
170,12737,,,
171,12723,,,
172,12664,,,
173,12593,,,
174,12509,,,
175,12460,,,
176,12534,,,
177,12470,,,
178,12396,,,
179,12681,,,
180,12548,,,
181,12439,,,
182,12184,,,
183,12317,,,
184,12361,,,
185,12145,,,
186,12217,,,
187,12346,,,
188,12141,,,
189,12076,,,
190,11925,,,
191,12139,,,
192,11875,,,
193,11567,,,
194,11560,,,
195,11589,,,
196,11274,,,
197,10988,,,
198,10739,,,
199,10443,,,
200,10387,,,
201,10074,,,
202,9744,,,
203,9564,,,
204,9289,,,
205,8919,,,
206,8622,,,
207,8314,,,
208,8035,,,
209,7890,,,
210,7536,,,
211,7461,,,
212,7232,,,
213,7102,,,
214,6956,,,
215,6938,,,
216,6580,,,
217,6434,,,
218,6451,,,
219,6375,,,
220,6171,,,
221,6080,,,
222,6212,,,
223,6108,,,
224,6028,,,
225,5946,,,
226,5702,,,
227,5878,,,
228,5629,,,
229,5737,,,
230,5579,,,
231,5625,,,
232,5621,,,
233,5569,,,
234,5478,,,
235,5438,,,
236,5556,,,
237,5321,,,
238,5313,,,
239,5323,,,
240,5456,,,
241,5221,,,
242,5255,,,
243,5344,,,
244,5217,,,
245,5282,,,
246,5368,,,
247,5370,,,
248,5469,,,
249,5354,,,
250,5421,,,
251,5593,,,
252,5628,,,
253,5799,,,
254,5760,,,
255,5751,,,
256,5843,,,
257,6198,,,
258,6375,,,
259,6376,,,
260,6746,,,
261,6832,,,
262,7422,,,
263,7881,,,
264,8304,,,
265,9201,,,
266,9793,,,
267,10847,,,
268,11846,,,
269,13325,,,
270,14401,,,
271,16193,,,
272,17958,,,
273,19856,,,
274,21751,,,
275,23828,,,
276,26403,,,
277,28509,,,
278,30994,,,
279,33385,,,
280,35382,,,
281,37724,,,
282,39422,,,
283,41047,,,
284,42176,,,
285,42782,,,
286,43037,,,
287,43089,Cs137,,
288,42336,,,
289,41213,,,
290,40216,,,
291,38033,,,
292,36140,,,
293,33620,,,
294,31250,,,
295,28494,,,
296,25786,,,
297,23144,,,
298,20505,,,
299,18136,,,
300,15942,,,
301,13969,,,
302,12115,,,
303,10580,,,
304,9286,,,
305,8026,,,
306,7122,,,
307,6225,,,
308,5721,,,
309,5284,,,
310,4787,,,
311,4469,,,
312,4365,,,
313,3994,,,
314,3954,,,
315,3761,,,
316,3757,,,
317,3598,,,
318,3518,,,
319,3616,,,
320,3587,,,
321,3581,,,
322,3616,,,
323,3534,,,
324,3498,,,
325,3559,,,
326,3661,,,
327,3583,,,
328,3414,,,
329,3520,,,
330,3503,,,
331,3558,,,
332,3552,,,
333,3677,,,
334,3577,,,
335,3486,,,
336,3582,,,
337,3535,,,
338,3621,,,
339,3542,,,
340,3611,,,
341,3594,,,
342,3609,,,
343,3579,,,
344,3622,,,
345,3664,,,
346,3632,,,
347,3696,,,
348,3603,,,
349,3569,,,
350,3617,,,
351,3701,,,
352,3695,,,
353,3716,,,
354,3716,,,
355,3675,,,
356,3810,,,
357,3805,,,
358,3681,,,
359,3856,,,
360,3730,,,
361,3847,,,
362,3868,,,
363,3690,,,
364,3856,,,
365,3842,,,
366,3676,,,
367,3731,,,
368,3839,,,
369,3817,,,
370,3812,,,
371,3724,,,
372,3827,,,
373,3855,,,
374,3842,,,
375,3919,,,
376,3912,,,
377,3803,,,
378,3692,,,
379,3891,,,
380,3698,,,
381,3756,,,
382,3881,,,
383,3684,,,
384,3766,,,
385,3845,,,
386,3684,,,
387,3678,,,
388,3557,,,
389,3561,,,
390,3458,,,
391,3670,,,
392,3465,,,
393,3443,,,
394,3462,,,
395,3399,,,
396,3325,,,
397,3214,,,
398,3243,,,
399,3273,,,
400,3159,,,
401,3200,,,
402,3092,,,
403,3030,,,
404,2994,,,
405,2952,,,
406,2968,,,
407,2920,,,
408,2853,,,
409,2925,,,
410,2899,,,
411,2746,,,
412,2808,,,
413,2722,,,
414,2789,,,
415,2672,,,
416,2690,,,
417,2676,,,
418,2726,,,
419,2613,,,
420,2613,,,
421,2722,,,
422,2532,,,
423,2636,,,
424,2617,,,
425,2582,,,
426,2512,,,
427,2609,,,
428,2581,,,
429,2529,,,
430,2574,,,
431,2500,,,
432,2533,,,
433,2466,,,
434,2437,,,
435,2537,,,
436,2502,,,
437,2457,,,
438,2437,,,
439,2503,,,
440,2476,,,
441,2454,,,
442,2435,,,
443,2448,,,
444,2386,,,
445,2374,,,
446,2374,,,
447,2330,,,
448,2284,,,
449,2350,,,
450,2307,,,
451,2312,,,
452,2225,,,
453,2253,,,
454,2212,,,
455,2216,,,
456,2203,,,
457,2171,,,
458,2214,,,
459,2257,,,
460,2225,,,
461,2172,,,
462,2248,,,
463,2273,,,
464,2302,,,
465,2184,,,
466,2350,,,
467,2359,,,
468,2475,,,
469,2700,,,
470,2680,,,
471,2796,,,
472,2955,,,
473,3198,,,
474,3252,,,
475,3510,,,
476,3817,,,
477,3931,,,
478,4135,,,
479,4425,,,
480,4687,,,
481,5047,,,
482,5308,,,
483,5404,,,
484,5827,,,
485,5975,,,
486,6429,,,
487,6584,,,
488,6725,,,
489,6882,,,
490,7029,,,
491,7168,,,
492,7192,,,
493,7241,,,
494,7109,,,
495,7342,co-60,,
496,7122,,,
497,7108,,,
498,6854,,,
499,6678,,,
500,6497,,,
501,6121,,,
502,5860,,,
503,5729,,,
504,5313,,,
505,5082,,,
506,4664,,,
507,4312,,,
508,4117,,,
509,3674,,,
510,3566,,,
511,3135,,,
512,2936,,,
513,2744,,,
514,2558,,,
515,2246,,,
516,2100,,,
517,1994,,,
518,1798,,,
519,1650,,,
520,1555,,,
521,1485,,,
522,1408,,,
523,1380,,,
524,1243,,,
525,1383,,,
526,1343,,,
527,1299,,,
528,1346,,,
529,1448,,,
530,1471,,,
531,1505,,,
532,1686,,,
533,1704,,,
534,1868,,,
535,1972,,,
536,2139,,,
537,2236,,,
538,2365,,,
539,2510,,,
540,2818,,,
541,2858,,,
542,3173,,,
543,3372,,,
544,3493,,,
545,3773,,,
546,4069,,,
547,4255,,,
548,4322,,,
549,4712,,,
550,4859,,,
551,5134,,,
552,5237,,,
553,5321,,,
554,5477,,,
555,5579,,,
556,5570,,,
557,5671,co-60,,
558,5644,,,
559,5648,,,
560,5511,,,
561,5437,,,
562,5352,,,
563,5181,,,
564,5083,,,
565,4927,,,
566,4671,,,
567,4523,,,
568,4357,,,
569,4101,,,
570,3971,,,
571,3658,,,
572,3484,,,
573,3244,,,
574,2964,,,
575,2698,,,
576,2564,,,
577,2285,,,
578,2035,,,
579,1894,,,
580,1677,,,
581,1450,,,
582,1416,,,
583,1248,,,
584,1118,,,
585,985,,,
586,889,,,
587,766,,,
588,744,,,
589,650,,,
590,594,,,
591,513,,,
592,512,,,
593,453,,,
594,428,,,
595,368,,,
596,369,,,
597,338,,,
598,291,,,
599,304,,,
600,276,,,
601,249,,,
602,244,,,
603,232,,,
604,262,,,
605,244,,,
606,216,,,
607,236,,,
608,196,,,
609,211,,,
610,210,,,
611,210,,,
612,199,,,
613,204,,,
614,192,,,
615,176,,,
616,233,,,
617,156,,,
618,188,,,
619,176,,,
620,177,,,
621,187,,,
622,168,,,
623,190,,,
624,176,,,
625,162,,,
626,179,,,
627,171,,,
628,181,,,
629,163,,,
630,165,,,
631,162,,,
632,173,,,
633,173,,,
634,155,,,
635,155,,,
636,192,,,
637,162,,,
638,155,,,
639,161,,,
640,161,,,
641,141,,,
642,143,,,
643,137,,,
644,146,,,
645,160,,,
646,143,,,
647,130,,,
648,147,,,
649,144,,,
650,155,,,
651,161,,,
652,161,,,
653,143,,,
654,156,,,
655,136,,,
656,131,,,
657,149,,,
658,132,,,
659,131,,,
660,159,,,
661,145,,,
662,131,,,
663,127,,,
664,134,,,
665,135,,,
666,138,,,
667,120,,,
668,146,,,
669,122,,,
670,127,,,
671,133,,,
672,121,,,
673,135,,,
674,122,,,
675,111,,,
676,123,,,
677,119,,,
678,114,,,
679,120,,,
680,126,,,
681,100,,,
682,116,,,
683,116,,,
684,113,,,
685,124,,,
686,114,,,
687,111,,,
688,110,,,
689,117,,,
690,96,,,
691,81,,,
692,107,,,
693,103,,,
694,107,,,
695,102,,,
696,97,,,
697,98,,,
698,107,,,
699,95,,,
700,102,,,
701,98,,,
702,103,,,
703,91,,,
704,112,,,
705,71,,,
706,102,,,
707,93,,,
708,98,,,
709,101,,,
710,105,,,
711,98,,,
712,84,,,
713,104,,,
714,92,,,
715,94,,,
716,75,,,
717,101,,,
718,83,,,
719,96,,,
720,92,,,
721,97,,,
722,98,,,
723,104,,,
724,69,,,
725,89,,,
726,98,,,
727,92,,,
728,76,,,
729,88,,,
730,86,,,
731,96,,,
732,85,,,
733,74,,,
734,99,,,
735,80,,,
736,80,,,
737,85,,,
738,80,,,
739,80,,,
740,86,,,
741,62,,,
742,82,,,
743,90,,,
744,83,,,
745,80,,,
746,84,,,
747,62,,,
748,64,,,
749,70,,,
750,66,,,
751,80,,,
752,85,,,
753,84,,,
754,78,,,
755,91,,,
756,84,,,
757,79,,,
758,86,,,
759,79,,,
760,81,,,
761,75,,,
762,80,,,
763,77,,,
764,71,,,
765,66,,,
766,73,,,
767,65,,,
768,67,,,
769,71,,,
770,76,,,
771,84,,,
772,78,,,
773,78,,,
774,61,,,
775,79,,,
776,63,,,
777,59,,,
778,73,,,
779,64,,,
780,65,,,
781,80,,,
782,61,,,
783,58,,,
784,73,,,
785,54,,,
786,63,,,
787,56,,,
788,63,,,
789,69,,,
790,57,,,
791,57,,,
792,56,,,
793,55,,,
794,57,,,
795,52,,,
796,66,,,
797,49,,,
798,60,,,
799,56,,,
800,48,,,
801,65,,,
802,58,,,
803,71,,,
804,53,,,
805,55,,,
806,48,,,
807,53,,,
808,62,,,
809,43,,,
810,51,,,
811,63,,,
812,58,,,
813,58,,,
814,47,,,
815,58,,,
816,68,,,
817,45,,,
818,55,,,
819,54,,,
820,61,,,
821,61,,,
822,49,,,
823,57,,,
824,50,,,
825,46,,,
826,55,,,
827,46,,,
828,36,,,
829,62,,,
830,52,,,
831,48,,,
832,59,,,
833,55,,,
834,47,,,
835,52,,,
836,50,,,
837,41,,,
838,47,,,
839,54,,,
840,53,,,
841,54,,,
842,39,,,
843,50,,,
844,42,,,
845,53,,,
846,51,,,
847,41,,,
848,34,,,
849,50,,,
850,35,,,
851,45,,,
852,57,,,
853,50,,,
854,38,,,
855,38,,,
856,49,,,
857,52,,,
858,44,,,
859,43,,,
860,51,,,
861,50,,,
862,55,,,
863,52,,,
864,54,,,
865,52,,,
866,60,,,
867,70,,,
868,61,,,
869,77,,,
870,91,,,
871,76,,,
872,81,,,
873,78,,,
874,82,,,
875,87,,,
876,73,,,
877,112,,,
878,86,,,
879,87,,,
880,95,,,
881,90,,,
882,89,,,
883,83,,,
884,75,,,
885,77,,,
886,75,,,
887,69,,,
888,72,,,
889,70,,,
890,40,,,
891,49,,,
892,37,,,
893,26,,,
894,18,,,
895,17,,,
896,19,,,
897,20,,,
898,9,,,
899,15,,,
900,3,,,
901,6,,,
902,3,,,
903,1,,,
904,1,,,
905,5,,,
906,1,,,
907,1,,,
908,1,,,
909,0,,,
910,1,,,
911,1,,,
912,0,,,
913,0,,,
914,0,,,
915,0,,,
916,0,,,
917,0,,,
918,0,,,
919,0,,,
920,0,,,
921,0,,,
922,0,,,
923,0,,,
924,0,,,
925,0,,,
926,0,,,
927,0,,,
928,0,,,
929,0,,,
930,0,,,
931,0,,,
932,0,,,
933,0,,,
934,0,,,
935,0,,,
936,0,,,
937,0,,,
938,0,,,
939,0,,,
940,0,,,
941,0,,,
942,0,,,
943,0,,,
944,0,,,
945,0,,,
946,0,,,
947,0,,,
948,0,,,
949,0,,,
950,0,,,
951,0,,,
952,0,,,
953,0,,,
954,0,,,
955,0,,,
956,0,,,
957,0,,,
958,0,,,
959,0,,,
960,0,,,
961,0,,,
962,0,,,
963,0,,,
964,0,,,
965,0,,,
966,0,,,
967,0,,,
968,0,,,
969,0,,,
970,0,,,
971,0,,,
972,0,,,
973,0,,,
974,0,,,
975,0,,,
976,0,,,
977,0,,,
978,0,,,
979,0,,,
980,0,,,
981,0,,,
982,0,,,
983,0,,,
984,0,,,
985,0,,,
986,0,,,
987,0,,,
988,0,,,
989,0,,,
990,0,,,
991,0,,,
992,0,,,
993,0,,,
994,0,,,
995,0,,,
996,0,,,
997,0,,,
998,0,,,
999,0,,,
1000,0,,,
1001,0,,,
1002,0,,,
1003,0,,,
1004,0,,,
1005,0,,,
1006,0,,,
1007,0,,,
1008,0,,,
1009,0,,,
1010,0,,,
1011,0,,,
1012,0,,,
1013,0,,,
1014,0,,,
1015,0,,,
1016,0,,,
1017,0,,,
1018,0,,,
1019,0,,,
1020,0,,,
1021,0,,,
1022,0,,,
1023,0,,,
1024,0,,,
